{
  "system_info": {
    "cpu_count": 12,
    "memory_gb": 15.73,
    "python_version": "3.13.9 (tags/v3.13.9:8183fa5, Oct 14 2025, 14:09:13) [MSC v.1944 64 bit (AMD64)]",
    "platform": "win32"
  },
  "timestamp": "2025-12-02 08:34:24",
  "text_formatter": {
    "Small text": {
      "text_length": 36,
      "clean_time": 3.552436828613281e-05,
      "format_time": 0.000438690185546875,
      "custom_time": 4.863739013671875e-05,
      "total_time": 0.0005228519439697266,
      "chars_per_second": 68853.14363885089
    },
    "Medium text": {
      "text_length": 1850,
      "clean_time": 0.0008955001831054688,
      "format_time": 0.0013227462768554688,
      "custom_time": 0.014622926712036133,
      "total_time": 0.01684117317199707,
      "chars_per_second": 109849.82940951626
    },
    "Large text": {
      "text_length": 18500,
      "clean_time": 0.00895380973815918,
      "format_time": 0.015269279479980469,
      "custom_time": 1.2839114665985107,
      "total_time": 1.3081345558166504,
      "chars_per_second": 14142.276050838444
    },
    "Very large text": {
      "text_length": 74000,
      "clean_time": 0.040688514709472656,
      "format_time": 0.06074023246765137,
      "custom_time": 26.150318384170532,
      "total_time": 26.251747131347656,
      "chars_per_second": 2818.8600030980547
    }
  },
  "markdown_creation": {
    "Small transcript": {
      "text_length": 27,
      "markdown_length": 628,
      "creation_time": 0.0004994869232177734,
      "chars_per_second": 54055.4692124105
    },
    "Medium transcript": {
      "text_length": 3600,
      "markdown_length": 7805,
      "creation_time": 0.000270843505859375,
      "chars_per_second": 13291808.450704226
    },
    "Large transcript": {
      "text_length": 48000,
      "markdown_length": 96905,
      "creation_time": 0.001203775405883789,
      "chars_per_second": 39874547.831253715
    },
    "Very large transcript": {
      "text_length": 265000,
      "markdown_length": 532238,
      "creation_time": 0.005053520202636719,
      "chars_per_second": 52438694.09322514
    }
  },
  "memory_usage": {
    "initial_memory_mb": 216.234375,
    "formatter_memory_mb": 0.4296875,
    "markdown_memory_mb": 0.1640625,
    "total_memory_mb": 0.59375
  },
  "concurrent_operations": {
    "1_threads": {
      "total_time": 0.00474238395690918,
      "worker_count": 1,
      "avg_processing_time": 0.00327301025390625,
      "throughput": 210.86441104016893,
      "executor_type": "ThreadPoolExecutor"
    },
    "2_threads": {
      "total_time": 0.00807046890258789,
      "worker_count": 2,
      "avg_processing_time": 0.0036226511001586914,
      "throughput": 247.8170753323486,
      "executor_type": "ThreadPoolExecutor"
    },
    "4_threads": {
      "total_time": 0.016878366470336914,
      "worker_count": 4,
      "avg_processing_time": 0.003913223743438721,
      "throughput": 236.989758874465,
      "executor_type": "ThreadPoolExecutor"
    },
    "8_threads": {
      "total_time": 0.03131890296936035,
      "worker_count": 8,
      "avg_processing_time": 0.004169285297393799,
      "throughput": 255.43678869679738,
      "executor_type": "ThreadPoolExecutor"
    },
    "4_processes": {
      "error": "Can't get local object 'PerformanceBenchmark.benchmark_concurrent_operations.<locals>.process_text_worker'",
      "executor_type": "ProcessPoolExecutor"
    }
  }
}